-- phpMyAdmin SQL Dump
-- version 4.8.2
-- https://www.phpmyadmin.net/
--
-- Host: 127.0.0.1
-- Generation Time: Sep 28, 2018 at 06:45 PM
-- Server version: 10.1.34-MariaDB
-- PHP Version: 7.1.20

SET SQL_MODE = "NO_AUTO_VALUE_ON_ZERO";
SET AUTOCOMMIT = 0;
START TRANSACTION;
SET time_zone = "+00:00";


/*!40101 SET @OLD_CHARACTER_SET_CLIENT=@@CHARACTER_SET_CLIENT */;
/*!40101 SET @OLD_CHARACTER_SET_RESULTS=@@CHARACTER_SET_RESULTS */;
/*!40101 SET @OLD_COLLATION_CONNECTION=@@COLLATION_CONNECTION */;
/*!40101 SET NAMES utf8mb4 */;

--
-- Database: `chat`
--

-- --------------------------------------------------------

--
-- Table structure for table `chat_message`
--

CREATE TABLE `chat_message` (
  `chat_message_id` int(11) NOT NULL,
  `to_user_id` int(11) NOT NULL,
  `from_user_id` int(11) NOT NULL,
  `chat_message` mediumtext COLLATE utf8mb4_bin NOT NULL,
  `timestamp` timestamp NOT NULL DEFAULT CURRENT_TIMESTAMP,
  `status` int(1) NOT NULL
) ENGINE=InnoDB DEFAULT CHARSET=utf8mb4 COLLATE=utf8mb4_bin;

--
-- Dumping data for table `chat_message`
--

INSERT INTO `chat_message` (`chat_message_id`, `to_user_id`, `from_user_id`, `chat_message`, `timestamp`, `status`) VALUES
(51, 4, 5, 'hi\n\n', '2018-09-28 15:32:57', 0),
(52, 4, 5, 'hi 📦', '2018-09-28 15:33:06', 0),
(53, 5, 4, '🤣', '2018-09-28 15:45:35', 0),
(54, 5, 4, 'lol\n\n', '2018-09-28 15:45:42', 0);

-- --------------------------------------------------------

--
-- Table structure for table `login`
--

CREATE TABLE `login` (
  `user_id` int(11) NOT NULL,
  `username` varchar(255) NOT NULL,
  `password` varchar(255) NOT NULL
) ENGINE=InnoDB DEFAULT CHARSET=latin1;

--
-- Dumping data for table `login`
--

INSERT INTO `login` (`user_id`, `username`, `password`) VALUES
(4, 'user1', '123'),
(5, 'user2', '123');

-- --------------------------------------------------------

--
-- Table structure for table `login_details`
--

CREATE TABLE `login_details` (
  `login_details_id` int(11) NOT NULL,
  `user_id` int(11) NOT NULL,
  `last_activity` timestamp NOT NULL DEFAULT CURRENT_TIMESTAMP,
  `is_type` enum('no','yes') NOT NULL
) ENGINE=InnoDB DEFAULT CHARSET=latin1;

--
-- Dumping data for table `login_details`
--

INSERT INTO `login_details` (`login_details_id`, `user_id`, `last_activity`, `is_type`) VALUES
(7, 5, '2018-09-26 22:11:46', 'no'),
(8, 4, '2018-09-26 21:33:26', 'no'),
(9, 4, '2018-09-28 10:15:31', 'no'),
(10, 4, '2018-09-28 11:39:06', 'no'),
(11, 4, '2018-09-28 10:15:49', 'no'),
(12, 5, '2018-09-28 16:45:04', 'no'),
(13, 4, '2018-09-28 16:45:03', 'no');

--
-- Indexes for dumped tables
--

--
-- Indexes for table `chat_message`
--
ALTER TABLE `chat_message`
  ADD PRIMARY KEY (`chat_message_id`);

--
-- Indexes for table `login`
--
ALTER TABLE `login`
  ADD PRIMARY KEY (`user_id`);

--
-- Indexes for table `login_details`
--
ALTER TABLE `login_details`
  ADD PRIMARY KEY (`login_details_id`);

--
-- AUTO_INCREMENT for dumped tables
--

--
-- AUTO_INCREMENT for table `chat_message`
--
ALTER TABLE `chat_message`
  MODIFY `chat_message_id` int(11) NOT NULL AUTO_INCREMENT, AUTO_INCREMENT=55;

--
-- AUTO_INCREMENT for table `login`
--
ALTER TABLE `login`
  MODIFY `user_id` int(11) NOT NULL AUTO_INCREMENT, AUTO_INCREMENT=6;

--
-- AUTO_INCREMENT for table `login_details`
--
ALTER TABLE `login_details`
  MODIFY `login_details_id` int(11) NOT NULL AUTO_INCREMENT, AUTO_INCREMENT=14;
COMMIT;

/*!40101 SET CHARACTER_SET_CLIENT=@OLD_CHARACTER_SET_CLIENT */;
/*!40101 SET CHARACTER_SET_RESULTS=@OLD_CHARACTER_SET_RESULTS */;
/*!40101 SET COLLATION_CONNECTION=@OLD_COLLATION_CONNECTION */;
